cell,corpus,setting,cue_free,pred
original__project_disjoint__seed1337,original,project_disjoint,False,0
original__project_disjoint__seed1337,original,project_disjoint,False,0
original__project_disjoint__seed1337,original,project_disjoint,False,0
original__project_disjoint__seed1337,original,project_disjoint,True,0
original__project_disjoint__seed1337,original,project_disjoint,False,0
original__project_disjoint__seed1337,original,project_disjoint,False,0
original__project_disjoint__seed1337,original,project_disjoint,True,0
original__project_disjoint__seed1337,original,project_disjoint,False,0
original__project_disjoint__seed1337,original,project_disjoint,False,0
original__project_disjoint__seed1337,original,project_disjoint,True,0
original__project_disjoint__seed1337,original,project_disjoint,False,0
original__project_disjoint__seed1337,original,project_disjoint,False,0
original__project_disjoint__seed1337,original,project_disjoint,True,0
original__project_disjoint__seed1337,original,project_disjoint,False,4
original__project_disjoint__seed1337,original,project_disjoint,True,0
original__project_disjoint__seed1337,original,project_disjoint,True,0
original__project_disjoint__seed1337,original,project_disjoint,True,0
original__project_disjoint__seed2024,original,project_disjoint,False,0
original__project_disjoint__seed2024,original,project_disjoint,False,0
original__project_disjoint__seed2024,original,project_disjoint,False,0
original__project_disjoint__seed2024,original,project_disjoint,True,0
original__project_disjoint__seed2024,original,project_disjoint,False,4
original__project_disjoint__seed2024,original,project_disjoint,False,0
original__project_disjoint__seed2024,original,project_disjoint,True,0
original__project_disjoint__seed2024,original,project_disjoint,False,0
original__project_disjoint__seed2024,original,project_disjoint,False,0
original__project_disjoint__seed2024,original,project_disjoint,True,0
original__project_disjoint__seed2024,original,project_disjoint,False,0
original__project_disjoint__seed2024,original,project_disjoint,False,0
original__project_disjoint__seed2024,original,project_disjoint,True,0
original__project_disjoint__seed2024,original,project_disjoint,False,0
original__project_disjoint__seed2024,original,project_disjoint,True,0
original__project_disjoint__seed2024,original,project_disjoint,True,0
original__project_disjoint__seed2024,original,project_disjoint,True,0
original__project_disjoint__seed42,original,project_disjoint,False,0
original__project_disjoint__seed42,original,project_disjoint,False,0
original__project_disjoint__seed42,original,project_disjoint,False,0
original__project_disjoint__seed42,original,project_disjoint,True,0
original__project_disjoint__seed42,original,project_disjoint,False,4
original__project_disjoint__seed42,original,project_disjoint,False,0
original__project_disjoint__seed42,original,project_disjoint,True,0
original__project_disjoint__seed42,original,project_disjoint,False,0
original__project_disjoint__seed42,original,project_disjoint,False,0
original__project_disjoint__seed42,original,project_disjoint,True,0
original__project_disjoint__seed42,original,project_disjoint,False,0
original__project_disjoint__seed42,original,project_disjoint,False,0
original__project_disjoint__seed42,original,project_disjoint,True,0
original__project_disjoint__seed42,original,project_disjoint,False,4
original__project_disjoint__seed42,original,project_disjoint,True,0
original__project_disjoint__seed42,original,project_disjoint,True,0
original__project_disjoint__seed42,original,project_disjoint,True,0
original__same_project__seed1337,original,same_project,False,0
original__same_project__seed1337,original,same_project,False,0
original__same_project__seed1337,original,same_project,True,0
original__same_project__seed1337,original,same_project,True,0
original__same_project__seed1337,original,same_project,False,1
original__same_project__seed1337,original,same_project,False,1
original__same_project__seed1337,original,same_project,False,1
original__same_project__seed1337,original,same_project,False,1
original__same_project__seed1337,original,same_project,True,0
original__same_project__seed1337,original,same_project,True,1
original__same_project__seed1337,original,same_project,True,0
original__same_project__seed1337,original,same_project,False,0
original__same_project__seed1337,original,same_project,False,1
original__same_project__seed1337,original,same_project,False,0
original__same_project__seed1337,original,same_project,False,0
original__same_project__seed1337,original,same_project,False,0
original__same_project__seed1337,original,same_project,False,1
original__same_project__seed2024,original,same_project,False,0
original__same_project__seed2024,original,same_project,False,0
original__same_project__seed2024,original,same_project,True,0
original__same_project__seed2024,original,same_project,True,0
original__same_project__seed2024,original,same_project,False,0
original__same_project__seed2024,original,same_project,False,0
original__same_project__seed2024,original,same_project,False,0
original__same_project__seed2024,original,same_project,False,1
original__same_project__seed2024,original,same_project,True,0
original__same_project__seed2024,original,same_project,True,0
original__same_project__seed2024,original,same_project,True,0
original__same_project__seed2024,original,same_project,False,0
original__same_project__seed2024,original,same_project,False,0
original__same_project__seed2024,original,same_project,False,0
original__same_project__seed2024,original,same_project,False,0
original__same_project__seed2024,original,same_project,False,0
original__same_project__seed2024,original,same_project,False,0
original__same_project__seed42,original,same_project,False,0
original__same_project__seed42,original,same_project,False,0
original__same_project__seed42,original,same_project,True,0
original__same_project__seed42,original,same_project,True,0
original__same_project__seed42,original,same_project,False,0
original__same_project__seed42,original,same_project,False,0
original__same_project__seed42,original,same_project,False,1
original__same_project__seed42,original,same_project,False,1
original__same_project__seed42,original,same_project,True,0
original__same_project__seed42,original,same_project,True,0
original__same_project__seed42,original,same_project,True,0
original__same_project__seed42,original,same_project,False,0
original__same_project__seed42,original,same_project,False,0
original__same_project__seed42,original,same_project,False,0
original__same_project__seed42,original,same_project,False,0
original__same_project__seed42,original,same_project,False,0
original__same_project__seed42,original,same_project,False,1
placeholder__project_disjoint__seed1337,placeholder,project_disjoint,False,0
placeholder__project_disjoint__seed1337,placeholder,project_disjoint,False,0
placeholder__project_disjoint__seed1337,placeholder,project_disjoint,False,0
placeholder__project_disjoint__seed1337,placeholder,project_disjoint,True,0
placeholder__project_disjoint__seed1337,placeholder,project_disjoint,False,0
placeholder__project_disjoint__seed1337,placeholder,project_disjoint,False,0
placeholder__project_disjoint__seed1337,placeholder,project_disjoint,True,1
placeholder__project_disjoint__seed1337,placeholder,project_disjoint,False,0
placeholder__project_disjoint__seed1337,placeholder,project_disjoint,False,1
placeholder__project_disjoint__seed1337,placeholder,project_disjoint,True,1
placeholder__project_disjoint__seed1337,placeholder,project_disjoint,False,0
placeholder__project_disjoint__seed1337,placeholder,project_disjoint,False,1
placeholder__project_disjoint__seed1337,placeholder,project_disjoint,True,0
placeholder__project_disjoint__seed1337,placeholder,project_disjoint,False,0
placeholder__project_disjoint__seed1337,placeholder,project_disjoint,True,1
placeholder__project_disjoint__seed1337,placeholder,project_disjoint,True,1
placeholder__project_disjoint__seed1337,placeholder,project_disjoint,True,0
placeholder__project_disjoint__seed2024,placeholder,project_disjoint,False,3
placeholder__project_disjoint__seed2024,placeholder,project_disjoint,False,0
placeholder__project_disjoint__seed2024,placeholder,project_disjoint,False,4
placeholder__project_disjoint__seed2024,placeholder,project_disjoint,True,1
placeholder__project_disjoint__seed2024,placeholder,project_disjoint,False,0
placeholder__project_disjoint__seed2024,placeholder,project_disjoint,False,0
placeholder__project_disjoint__seed2024,placeholder,project_disjoint,True,1
placeholder__project_disjoint__seed2024,placeholder,project_disjoint,False,1
placeholder__project_disjoint__seed2024,placeholder,project_disjoint,False,0
placeholder__project_disjoint__seed2024,placeholder,project_disjoint,True,1
placeholder__project_disjoint__seed2024,placeholder,project_disjoint,False,1
placeholder__project_disjoint__seed2024,placeholder,project_disjoint,False,1
placeholder__project_disjoint__seed2024,placeholder,project_disjoint,True,0
placeholder__project_disjoint__seed2024,placeholder,project_disjoint,False,0
placeholder__project_disjoint__seed2024,placeholder,project_disjoint,True,0
placeholder__project_disjoint__seed2024,placeholder,project_disjoint,True,1
placeholder__project_disjoint__seed2024,placeholder,project_disjoint,True,3
placeholder__project_disjoint__seed42,placeholder,project_disjoint,False,0
placeholder__project_disjoint__seed42,placeholder,project_disjoint,False,0
placeholder__project_disjoint__seed42,placeholder,project_disjoint,False,0
placeholder__project_disjoint__seed42,placeholder,project_disjoint,True,0
placeholder__project_disjoint__seed42,placeholder,project_disjoint,False,0
placeholder__project_disjoint__seed42,placeholder,project_disjoint,False,0
placeholder__project_disjoint__seed42,placeholder,project_disjoint,True,0
placeholder__project_disjoint__seed42,placeholder,project_disjoint,False,1
placeholder__project_disjoint__seed42,placeholder,project_disjoint,False,0
placeholder__project_disjoint__seed42,placeholder,project_disjoint,True,0
placeholder__project_disjoint__seed42,placeholder,project_disjoint,False,0
placeholder__project_disjoint__seed42,placeholder,project_disjoint,False,0
placeholder__project_disjoint__seed42,placeholder,project_disjoint,True,0
placeholder__project_disjoint__seed42,placeholder,project_disjoint,False,0
placeholder__project_disjoint__seed42,placeholder,project_disjoint,True,0
placeholder__project_disjoint__seed42,placeholder,project_disjoint,True,0
placeholder__project_disjoint__seed42,placeholder,project_disjoint,True,0
placeholder__same_project__seed1337,placeholder,same_project,False,0
placeholder__same_project__seed1337,placeholder,same_project,False,4
placeholder__same_project__seed1337,placeholder,same_project,True,0
placeholder__same_project__seed1337,placeholder,same_project,True,1
placeholder__same_project__seed1337,placeholder,same_project,False,0
placeholder__same_project__seed1337,placeholder,same_project,False,1
placeholder__same_project__seed1337,placeholder,same_project,False,0
placeholder__same_project__seed1337,placeholder,same_project,False,0
placeholder__same_project__seed1337,placeholder,same_project,True,0
placeholder__same_project__seed1337,placeholder,same_project,True,0
placeholder__same_project__seed1337,placeholder,same_project,True,4
placeholder__same_project__seed1337,placeholder,same_project,False,0
placeholder__same_project__seed1337,placeholder,same_project,False,0
placeholder__same_project__seed1337,placeholder,same_project,False,0
placeholder__same_project__seed1337,placeholder,same_project,False,0
placeholder__same_project__seed1337,placeholder,same_project,False,0
placeholder__same_project__seed1337,placeholder,same_project,False,0
placeholder__same_project__seed2024,placeholder,same_project,False,0
placeholder__same_project__seed2024,placeholder,same_project,False,0
placeholder__same_project__seed2024,placeholder,same_project,True,0
placeholder__same_project__seed2024,placeholder,same_project,True,0
placeholder__same_project__seed2024,placeholder,same_project,False,0
placeholder__same_project__seed2024,placeholder,same_project,False,1
placeholder__same_project__seed2024,placeholder,same_project,False,0
placeholder__same_project__seed2024,placeholder,same_project,False,0
placeholder__same_project__seed2024,placeholder,same_project,True,0
placeholder__same_project__seed2024,placeholder,same_project,True,1
placeholder__same_project__seed2024,placeholder,same_project,True,0
placeholder__same_project__seed2024,placeholder,same_project,False,0
placeholder__same_project__seed2024,placeholder,same_project,False,0
placeholder__same_project__seed2024,placeholder,same_project,False,1
placeholder__same_project__seed2024,placeholder,same_project,False,4
placeholder__same_project__seed2024,placeholder,same_project,False,0
placeholder__same_project__seed2024,placeholder,same_project,False,0
placeholder__same_project__seed42,placeholder,same_project,False,0
placeholder__same_project__seed42,placeholder,same_project,False,0
placeholder__same_project__seed42,placeholder,same_project,True,0
placeholder__same_project__seed42,placeholder,same_project,True,1
placeholder__same_project__seed42,placeholder,same_project,False,0
placeholder__same_project__seed42,placeholder,same_project,False,1
placeholder__same_project__seed42,placeholder,same_project,False,0
placeholder__same_project__seed42,placeholder,same_project,False,0
placeholder__same_project__seed42,placeholder,same_project,True,4
placeholder__same_project__seed42,placeholder,same_project,True,0
placeholder__same_project__seed42,placeholder,same_project,True,3
placeholder__same_project__seed42,placeholder,same_project,False,0
placeholder__same_project__seed42,placeholder,same_project,False,3
placeholder__same_project__seed42,placeholder,same_project,False,4
placeholder__same_project__seed42,placeholder,same_project,False,3
placeholder__same_project__seed42,placeholder,same_project,False,0
placeholder__same_project__seed42,placeholder,same_project,False,0
